Nuclei_Location_Center_X,Nuclei_Location_Center_Y
119,15
417,9
388,15
1565,16
325,11
39,13
483,18
1408,18
193,20
1480,19
1616,16
1638,18
164,16
289,16
1731,20
86,21
417,21
1654,16
334,17
402,19
314,20
1467,21
1553,12
148,18
132,25
300,21
72,26
433,27
450,21
1677,18
54,37
522,19
1617,26
91,29
146,30
374,28
1648,32
1704,31
176,28
283,31
346,25
221,27
235,24
1473,30
1515,32
1575,31
1694,34
81,35
271,37
1491,35
1665,43
390,33
470,25
1683,34
436,36
536,29
1597,30
345,40
377,41
178,38
209,35
1590,31
22,38
189,39
463,43
110,29
162,39
245,38
497,40
1431,44
1920,30
1613,38
1652,45
1577,41
135,40
1470,58
107,49
1553,46
95,46
188,50
1722,49
45,50
366,47
1904,55
236,45
1598,50
121,51
157,67
385,51
529,52
174,53
293,42
202,50
354,52
1482,55
1567,53
1584,56
222,50
252,35
286,63
493,70
30,59
133,58
180,62
366,59
59,70
144,63
209,59
381,64
1609,63
70,56
38,63
303,66
398,61
456,62
1536,64
1591,72
315,71
474,80
364,68
1620,75
222,68
1558,71
15,73
95,70
191,67
116,72
177,80
266,59
1613,85
459,92
1063,68
1519,73
109,86
81,87
193,89
136,81
254,80
1119,85
1537,89
221,83
1108,98
1568,86
427,98
239,86
277,92
1078,94
1921,86
14,93
396,93
1052,90
30,86
53,93
154,91
348,95
1524,89
164,98
142,112
1090,79
107,100
264,98
1496,98
208,95
311,89
1134,92
62,97
380,100
405,108
1017,86
1561,103
90,96
225,98
1398,103
320,107
129,101
305,108
40,109
1067,109
1383,109
1530,109
1908,109
467,108
212,109
1545,116
1556,132
1584,110
1936,105
114,108
1122,112
1518,110
285,108
1168,101
1606,109
1088,108
156,113
1497,113
1102,121
1978,113
17,117
182,110
1042,115
1959,111
929,120
1156,117
1555,119
157,121
1499,121
73,122
449,114
1523,135
94,117
120,129
284,124
320,118
1062,122
387,127
1007,127
51,125
127,124
371,122
1024,134
1118,126
171,129
211,123
249,113
418,123
42,127
154,134
304,136
1039,126
189,128
1085,139
364,134
31,129
446,128
1610,126
956,125
1061,145
1067,136
283,150
423,135
1167,134
610,135
994,140
1577,145
80,138
562,129
1008,138
1627,132
136,134
1041,143
1497,140
1912,132
264,144
252,148
388,140
964,141
1874,139
241,162
314,145
1120,149
161,152
1158,148
46,141
64,137
1105,140
174,144
941,143
1071,146
1487,149
134,144
347,143
143,149
1857,149
189,149
1892,154
1906,151
2024,150
1589,161
2003,150
605,157
714,159
1105,155
1212,153
129,158
925,147
1615,156
219,162
1137,163
384,155
407,151
423,148
562,149
1005,160
74,155
260,172
368,160
1192,158
276,162
474,148
1603,165
1051,164
1484,164
2016,163
204,168
413,163
1158,166
1687,146
84,171
434,164
961,161
313,162
1097,163
61,164
138,167
2005,167
596,173
378,167
1025,161
1082,168
1109,177
1205,170
401,170
1172,173
1228,160
1924,175
318,173
463,172
1645,157
1668,164
1694,171
103,169
380,175
1659,176
159,177
501,171
94,178
981,168
1130,174
2023,178
14,178
518,164
440,175
562,175
1631,180
70,173
454,179
1073,178
1219,184
415,181
1061,181
1949,178
434,181
1182,190
1598,186
1739,180
393,182
1018,177
1205,181
1609,182
26,185
309,197
472,182
120,188
376,187
891,185
1291,176
329,189
462,208
1121,188
1960,184
98,189
358,184
1202,191
1715,170
1769,188
187,180
1041,190
1937,187
1055,193
1266,179
1619,192
1788,189
401,192
1649,200
152,191
449,206
522,204
608,189
1027,202
1741,191
431,193
882,194
1142,184
343,193
501,203
573,196
1666,195
1825,186
409,195
1167,193
1331,191
1703,195
85,197
1104,197
1950,201
38,204
588,199
950,205
1719,201
1767,206
133,207
186,202
321,217
1583,188
167,200
1073,197
379,200
413,204
427,224
348,208
1044,210
1669,206
1284,197
358,207
1130,202
1347,208
620,208
1001,208
1453,204
1148,210
1203,204
1604,204
1734,197
550,201
1165,209
156,209
168,213
1472,214
569,211
560,227
1626,209
1715,212
331,227
1692,222
1771,223
361,219
394,219
1029,215
1188,222
1210,224
39,215
93,209
1198,229
1906,219
61,223
110,217
1730,222
1742,218
186,213
1266,214
1493,210
1570,212
1044,224
1094,218
1617,228
1702,216
991,220
1131,216
1166,230
1068,216
1138,223
1305,229
1592,222
1604,222
89,226
1284,227
1658,226
101,238
1531,218
1096,238
1318,216
1356,224
1485,227
1789,234
143,233
161,224
1463,232
1635,224
411,230
541,231
595,234
1033,225
1423,221
1721,229
48,244
1040,230
1148,231
1258,238
1644,233
371,233
188,232
26,240
1722,247
1938,248
2017,243
387,232
1282,238
1389,228
1474,241
552,243
616,240
1332,246
1419,241
1009,229
1603,242
1631,239
1903,234
1589,251
1705,246
1027,243
1303,244
1882,242
1431,242
538,244
970,241
1318,249
1648,255
1042,243
1158,246
1520,249
1567,236
1799,248
141,248
1131,240
1114,240
570,252
1509,252
1391,256
1864,248
1403,242
1559,248
166,253
368,255
1429,261
592,252
1455,270
1678,267
1064,258
1842,242
580,258
1148,261
1379,234
1621,253
1911,260
996,259
1307,258
1070,245
1443,234
1570,258
551,263
1103,259
1127,259
1530,259
1849,263
522,256
1020,265
591,262
954,265
1400,264
1518,269
1998,262
1492,259
1733,282
1348,268
1474,269
1826,269
1144,281
1980,261
2016,267
1325,273
1414,274
574,267
1536,270
1567,271
1595,274
1747,274
1582,271
1616,276
1010,283
525,276
880,262
1109,269
1782,273
1370,276
2004,274
1089,273
1853,278
2023,283
737,275
1394,273
1493,278
1023,289
1128,282
1569,283
981,286
993,283
1691,283
1704,280
665,269
894,272
1642,283
1110,289
1377,286
1587,286
965,296
1980,285
925,276
1077,288
1670,289
937,276
1467,290
1766,296
647,291
855,282
1096,294
1345,291
1432,289
1600,293
1774,297
260,296
559,299
1496,306
1613,294
1673,295
1397,294
1722,298
2035,299
951,302
1480,310
1574,299
1414,293
1708,309
1069,300
2010,293
2025,300
587,301
1348,306
614,302
875,304
1678,304
1447,303
985,319
1103,312
1463,304
1638,302
1018,317
1088,307
1369,304
1248,307
1571,321
1664,309
1432,309
1702,314
1985,313
839,299
1472,320
2003,308
1589,328
1651,309
1681,314
559,324
586,316
1028,320
1111,316
788,307
809,311
963,324
1383,315
821,306
1078,320
840,331
866,322
888,319
1696,323
1899,323
1090,339
1041,334
1126,331
1055,328
1681,325
93,325
905,330
1103,341
1404,331
502,322
1016,338
889,333
804,333
1367,333
1668,336
595,336
819,337
632,327
790,334
1391,343
1753,336
1773,336
506,339
874,341
584,340
1023,344
1440,346
2032,342
482,329
893,346
1675,343
1059,348
859,339
1914,345
489,354
1426,359
1871,334
1037,357
1738,351
1689,362
1701,342
896,350
1884,350
2034,365
529,353
875,359
1833,350
1867,357
554,355
819,353
1393,354
1709,355
578,356
847,356
803,357
712,364
872,376
1848,346
604,376
340,348
502,358
1038,368
1625,357
1665,369
535,364
1655,367
699,375
914,363
1875,365
1898,355
2008,354
1159,366
1923,364
755,386
849,367
1410,360
334,369
518,366
1761,371
1829,379
1381,372
504,374
1850,387
1920,375
785,371
904,388
1043,378
1400,376
1087,370
1894,379
272,371
860,395
1340,370
770,399
1266,374
534,380
1426,380
2003,377
2036,379
1467,382
1875,392
2025,385
504,392
1785,386
1813,397
1917,386
464,398
569,388
1037,387
1362,389
1676,382
284,394
438,381
794,414
1240,387
422,388
1103,390
1267,390
1371,400
1634,401
537,393
1182,391
1315,388
1413,395
1450,392
1394,386
1634,394
2017,396
812,416
1350,400
384,392
413,386
1726,391
398,389
949,392
1076,398
1811,400
337,414
809,404
432,403
477,396
526,395
968,406
1296,388
548,406
1461,404
1935,393
1133,389
1270,402
1681,403
1856,410
1228,407
289,407
1318,409
1327,409
1420,405
1443,404
1988,394
377,407
501,414
1409,410
1742,395
1778,397
440,403
395,408
513,410
1480,393
1725,411
1498,400
313,405
1306,412
1705,411
1920,418
1032,402
1841,413
453,411
1351,414
1391,413
1615,414
1741,419
490,412
1512,412
1755,403
2006,420
1968,401
1472,416
1484,418
1722,421
1989,423
492,424
1157,407
1871,421
1182,415
710,419
1905,420
371,418
1242,418
1268,421
1322,424
1455,422
689,430
1057,417
1192,415
1396,427
300,424
451,424
1046,419
1303,425
1354,426
1730,441
1793,417
828,427
1413,434
393,428
444,439
1208,407
1288,403
1605,423
1898,416
1433,428
1526,409
1812,426
490,431
1632,429
1765,411
1870,436
1886,443
554,441
1019,424
1178,433
1242,436
1743,428
456,442
354,434
1701,434
1849,440
1951,429
1269,435
2017,430
1210,436
1368,430
1538,426
1257,439
1779,448
342,447
1477,451
1288,438
1369,440
1906,436
2025,438
1033,446
1060,433
1517,451
535,442
1960,440
1014,442
1148,441
1757,440
317,442
1630,448
1602,438
1656,444
1940,445
492,456
1073,444
1192,442
1379,450
1436,449
1647,445
1495,435
1669,445
1585,435
1685,446
1338,446
1621,447
314,451
503,458
1048,459
1112,447
1693,449
1355,451
1912,461
1198,456
1231,466
1318,451
1344,456
1027,460
1296,449
1300,459
1699,458
995,459
1130,456
1218,462
1283,452
1366,456
355,463
1933,460
1765,462
326,462
1381,462
1455,456
1395,458
1438,464
1624,461
1644,462
984,468
1182,460
1528,467
1588,462
1203,473
1955,463
345,471
969,467
1345,470
1058,467
1310,466
1412,459
1611,452
1128,474
279,468
1160,467
1572,471
1748,475
380,481
1189,482
1382,478
99,469
849,469
992,476
1467,476
1816,488
2005,477
1396,472
1609,484
1620,474
309,476
330,478
1179,491
1318,479
1671,480
2024,472
1040,478
1110,474
1721,463
1073,473
1337,474
1648,478
315,486
1138,484
1276,486
1303,482
1662,482
1061,482
347,488
1484,485
1735,484
1100,487
1982,491
1118,486
1711,497
359,488
1017,489
1046,489
1162,499
1416,489
1429,483
1504,476
2020,487
281,488
1538,487
1601,493
67,494
1080,488
1349,490
1646,498
1759,492
1992,496
331,489
2003,502
975,493
1474,489
1743,495
1144,492
1659,495
1683,492
1672,493
1027,490
1062,501
1531,494
923,503
1079,500
1401,489
1716,496
1341,499
1725,500
1120,501
1489,499
1279,500
337,501
1133,503
1356,505
2020,500
1304,504
269,516
1177,507
1323,495
1414,507
1451,493
1526,508
1585,490
1688,505
1103,513
1766,501
1021,509
1510,503
1787,513
1115,506
1002,502
1540,507
1552,510
1811,510
1319,507
1370,491
1744,507
1144,519
1402,509
92,515
1779,522
1387,516
1605,505
1609,515
1673,508
1462,514
1002,513
1060,517
1722,515
63,509
1070,514
1428,508
1586,515
1760,524
1501,516
1514,516
1564,506
354,521
1487,521
970,513
1417,524
2011,525
1356,520
1545,523
1669,519
1031,527
338,524
1123,527
1317,518
1369,524
844,521
1437,523
1577,528
885,518
1161,537
40,514
1090,521
1113,524
299,533
1304,542
1296,534
1566,526
1706,538
1357,529
1495,533
1690,536
1742,528
287,514
901,541
1052,524
1396,527
1916,524
30,536
387,524
1677,540
77,532
873,534
929,531
1417,535
1728,542
18,522
1371,535
1475,534
54,532
916,538
1003,527
1143,544
1842,532
330,545
1671,525
1823,528
1548,537
1745,541
1071,537
126,529
1124,552
1336,545
1425,547
1643,545
140,536
1041,543
1902,538
78,545
104,535
1490,541
1589,537
394,542
1460,545
1620,544
1404,544
39,545
313,555
372,546
1515,539
1687,551
1558,549
273,539
1368,548
1570,549
1655,546
124,557
63,548
1441,554
1592,552
1741,555
1858,550
151,547
1324,565
1095,547
872,560
1396,555
1606,559
84,556
1831,557
192,556
375,568
883,555
984,561
1665,555
1879,549
45,552
66,561
409,551
437,546
1428,557
1846,560
1706,559
1004,556
1676,565
1749,563
287,555
1071,560
1346,567
232,553
1728,572
1376,568
1452,564
255,548
875,568
1832,572
517,560
823,557
1017,568
1423,570
1461,568
1360,565
1568,566
2016,573
497,572
1873,568
45,571
417,565
994,577
92,581
1041,570
146,570
29,562
1717,579
295,572
1056,571
1077,591
1536,575
1742,577
215,560
392,577
522,586
1483,579
1620,577
60,587
122,578
1501,576
1517,578
1697,573
1603,578
245,574
1433,582
1567,580
1687,578
198,573
1018,587
155,582
1751,587
1992,579
882,587
1326,590
1505,586
34,588
289,585
1583,582
1469,589
1865,596
1422,593
2034,587
218,586
848,591
1678,588
122,590
260,588
1025,570
1693,590
1725,588
1933,577
1448,582
1711,590
2011,595
146,595
868,597
1606,594
1737,599
1843,599
282,599
1777,599
2027,598
190,596
235,595
1437,599
1798,600
232,626
1586,600
1699,599
1970,595
224,601
1065,606
1409,598
1817,623
68,601
168,600
870,605
1387,606
1623,601
1468,613
1839,615
1362,607
1566,605
191,611
1988,603
53,610
146,611
1384,623
1704,616
27,608
1602,609
156,612
282,619
1686,609
1964,619
2010,609
211,619
101,619
141,625
1625,614
1723,615
220,615
1039,611
1984,637
13,612
93,606
1343,609
1607,617
1681,619
116,619
175,621
802,601
28,620
158,623
1419,616
1445,617
1565,618
1578,619
1575,636
203,617
1403,628
1059,628
388,617
896,616
1611,631
2003,633
832,619
63,622
1036,627
44,628
1546,625
88,630
211,633
1520,623
1629,626
2016,630
2032,627
803,618
1359,633
1675,630
1800,632
60,633
76,632
420,630
1000,626
1335,634
1394,632
2031,641
102,634
1187,631
1664,637
130,632
119,637
1446,638
1733,634
182,637
391,637
987,644
275,648
367,634
190,644
284,635
1560,639
1598,642
971,635
71,650
409,654
1009,641
1728,646
1759,652
105,643
202,647
1468,643
1501,644
1531,658
1689,648
1776,645
1037,647
902,642
127,659
45,650
166,644
1176,646
1448,652
229,653
307,642
918,646
1430,656
1790,655
176,666
961,645
1024,654
1050,649
1525,647
1197,658
1554,654
818,655
1012,652
1502,655
1721,659
139,650
169,656
558,647
936,645
1730,656
379,652
433,649
1385,657
872,653
1458,657
1690,668
83,658
1338,655
1743,663
977,661
1069,646
1756,660
2007,664
121,663
355,652
1629,659
61,662
401,670
320,653
368,658
753,644
1474,668
1563,664
1711,661
276,663
1042,663
329,653
18,665
422,670
1464,661
382,665
1013,674
1364,665
855,664
1410,660
823,669
883,670
1381,672
1603,658
288,671
1056,676
1507,673
1748,671
264,673
503,667
699,675
898,676
1042,675
1622,677
2009,685
72,674
828,679
1449,673
1720,672
39,667
48,676
546,682
690,663
745,677
786,683
938,679
102,665
1581,676
1670,677
456,668
518,664
919,675
1030,679
1554,680
17,684
306,681
448,680
540,677
162,689
389,682
1434,688
1710,685
64,685
132,682
149,670
502,680
1732,680
362,693
436,674
855,676
887,692
771,680
945,686
40,685
295,674
440,687
1588,691
1604,682
239,687
381,688
689,687
1522,688
419,694
564,689
1478,685
1541,692
81,687
221,681
1327,680
1391,688
71,706
92,695
487,688
1375,692
522,698
247,694
1686,690
57,705
153,699
735,699
843,684
1405,688
1742,687
190,693
724,700
780,698
1521,699
1633,692
1660,693
1398,701
1354,690
707,692
1075,699
1424,699
1476,706
1553,705
1672,692
353,700
488,700
859,700
1604,704
36,715
967,699
275,700
404,701
1103,701
129,697
555,705
757,712
913,692
941,711
195,709
1315,694
105,702
677,699
770,707
1460,700
1580,708
1705,707
16,707
827,705
854,709
1645,703
170,708
1377,713
1509,726
1628,721
1673,710
323,713
347,706
1533,708
255,706
713,707
1389,706
1494,709
1514,708
1443,708
86,713
896,712
304,714
797,707
809,697
121,712
517,714
693,715
1566,715
1348,717
1645,723
178,719
225,707
415,718
439,718
1399,721
1698,717
736,718
885,721
1032,723
1521,716
1742,719
1415,728
1445,718
202,719
375,719
394,712
51,727
1730,731
297,728
720,726
745,714
652,712
1563,730
1721,713
154,721
241,726
530,720
1362,727
19,726
323,727
914,721
1465,723
1529,728
1545,732
1578,726
871,723
1345,728
1368,722
85,728
377,729
446,735
636,717
642,724
1422,730
133,724
903,733
1049,724
512,734
670,715
73,747
278,730
1715,739
466,729
712,730
878,734
79,729
416,734
551,723
738,731
786,719
938,734
357,733
773,725
37,735
695,736
263,729
753,732
54,738
341,730
488,738
1490,739
765,734
797,729
538,734
590,732
1837,732
656,736
1071,741
1476,731
279,746
381,740
672,739
720,746
1387,759
1575,746
1378,736
183,736
1048,744
1320,743
564,743
747,742
642,744
1447,741
165,745
223,738
1423,749
354,745
475,744
528,752
621,745
886,743
1503,744
44,750
252,740
1355,744
228,776
575,757
732,757
541,753
853,739
263,756
640,753
792,753
803,745
1458,754
1547,759
835,761
847,759
1304,755
1716,757
423,758
374,758
593,749
602,765
908,753
1079,749
1448,757
59,760
272,755
354,756
863,765
401,761
484,755
1598,777
203,755
243,763
453,754
1031,756
1417,757
95,770
342,754
504,754
1472,758
1512,759
23,760
1397,759
1494,768
128,753
331,762
1561,765
1451,764
253,765
108,765
318,759
361,768
696,762
1575,775
28,750
460,761
523,769
933,757
1077,766
1361,766
387,767
1532,767
267,778
616,764
653,762
882,771
1711,770
288,765
545,782
914,769
1353,761
1407,768
1464,769
1553,768
627,772
1061,773
1687,772
425,772
675,766
1428,766
201,794
444,763
747,772
1436,781
213,771
177,785
345,775
497,777
803,776
1942,762
587,774
632,776
880,779
1318,775
760,774
129,775
1042,773
1099,764
1531,779
1267,782
291,778
318,792
1417,778
1933,770
606,780
1465,786
474,777
20,778
49,774
221,782
302,781
374,780
449,781
746,785
1479,782
256,784
511,787
769,779
1374,781
79,784
681,787
795,794
1922,775
638,785
646,779
244,794
593,786
1359,780
1487,788
164,801
524,794
1070,790
1112,780
1515,781
347,793
445,795
609,786
614,794
137,795
263,801
428,781
779,790
1019,779
1380,793
1912,777
1406,787
34,793
515,796
1682,788
106,786
148,796
485,799
659,791
295,795
572,783
1272,800
359,795
697,787
722,787
685,804
1392,793
1477,800
109,799
391,794
465,800
778,811
1421,799
64,799
536,800
1024,808
1489,812
118,799
752,809
1013,803
1034,797
1349,795
51,796
82,806
1052,798
552,808
629,804
646,801
1314,802
364,805
599,809
1399,809
1440,801
1981,789
27,806
1117,795
1373,804
100,806
1062,819
292,807
343,804
992,795
1460,817
1991,802
43,811
615,809
647,810
1328,809
1926,816
499,807
1338,809
1479,814
223,814
235,817
579,817
1855,806
450,809
481,812
536,811
463,812
1354,816
1673,813
284,830
2010,801
704,814
1413,819
467,819
1433,819
1701,817
372,815
1521,820
1584,813
401,813
84,824
1003,825
1364,828
524,816
1742,810
73,826
325,821
346,817
429,815
558,822
1564,828
2028,802
59,820
111,828
308,823
474,827
538,822
1335,821
1025,823
1072,823
1128,830
1398,834
1730,815
1840,814
121,825
448,837
722,847
1045,828
372,826
497,823
1423,830
1812,819
38,848
770,829
1089,822
743,826
629,824
725,819
1319,822
1652,819
243,826
1749,828
610,826
1696,836
1382,838
1769,831
138,833
365,840
693,843
1717,845
21,848
64,841
1300,833
537,833
1029,836
1451,834
1860,815
409,833
2003,846
1121,848
96,848
396,845
569,842
767,838
1672,841
1742,843
1786,837
580,840
633,841
1136,840
1330,841
1827,839
284,852
425,837
704,849
1458,846
1506,842
1759,842
484,842
1417,847
1056,851
1534,837
1796,843
541,848
604,848
1017,848
44,850
1436,840
1950,841
64,847
1282,844
585,855
561,845
1314,849
1702,851
52,869
381,851
626,852
1333,858
1467,858
1732,850
1782,853
1740,855
464,861
1302,853
1758,858
1830,855
1357,851
1432,857
1971,857
119,870
636,856
1806,853
1014,859
1734,869
2020,861
646,860
2010,866
1935,862
486,861
525,869
676,870
1126,864
503,866
1275,863
1396,863
1798,864
242,862
624,881
1382,855
1486,847
1701,870
363,865
921,862
1409,868
1436,865
1829,863
1005,863
1341,870
444,868
1051,864
1475,874
1652,884
1958,878
259,881
1810,881
514,883
989,877
1782,876
2000,873
1248,880
1762,880
398,878
480,881
63,884
448,884
1396,884
1678,876
636,884
918,881
1012,883
1481,888
653,881
1354,881
1869,883
1900,884
1286,881
361,888
464,890
1318,877
1446,898
1499,882
942,879
1691,891
1748,887
378,878
423,888
506,887
64,895
1039,884
1717,892
1853,892
604,883
254,901
452,895
1340,892
1881,894
484,890
536,900
1897,894
442,892
1104,887
1716,896
1790,899
1921,888
365,905
953,884
1517,891
1745,900
643,894
1820,896
392,894
570,891
1352,913
1731,898
1067,891
1307,894
1461,902
1778,903
1807,911
405,897
567,903
484,904
1077,901
1490,907
422,906
1101,903
558,909
1755,908
495,905
585,892
637,905
885,906
926,902
468,903
506,903
662,902
88,907
938,915
375,922
598,904
971,895
1314,922
1525,910
1719,914
50,910
434,907
902,929
1039,910
452,916
1667,909
68,912
1338,920
487,917
1107,912
1689,905
104,913
868,905
996,914
1130,902
1275,917
1905,911
472,913
574,916
587,916
1741,919
168,921
969,914
1246,920
890,920
1529,919
1627,916
951,922
530,923
660,917
1689,919
1787,923
1891,916
629,918
1099,921
1114,927
1141,923
1218,915
1267,930
1607,910
1854,920
479,928
550,921
604,921
1049,922
1651,919
423,934
991,924
1500,949
1621,925
1981,923
1521,923
1676,921
1633,903
1965,913
866,921
1905,926
973,930
1656,940
1814,931
1840,920
504,924
628,933
1085,922
1536,932
1962,936
851,934
1514,930
1646,932
1691,932
1723,947
1891,929
653,943
1067,931
1700,929
1710,930
70,930
520,932
942,935
491,938
1221,933
1232,935
1625,936
401,921
530,937
921,936
1594,932
557,934
940,952
966,937
43,941
873,945
989,940
1527,941
1032,937
1126,954
444,937
510,939
1169,933
1566,943
1825,940
593,937
623,950
1096,941
809,941
1910,944
1225,950
1599,948
1701,947
400,953
536,946
570,952
1238,943
1614,949
1674,947
503,944
909,963
1076,947
1109,945
1045,953
755,938
1156,951
1977,949
764,960
1478,949
1512,959
1897,948
1926,945
583,949
983,949
1144,949
1738,938
1185,947
1631,954
1842,950
1857,949
1117,949
472,951
559,961
607,954
672,956
690,934
957,949
1002,954
1246,954
1788,955
1818,955
432,955
1024,954
1705,954
1938,954
380,954
1091,959
444,954
542,957
1193,959
1599,957
508,956
589,962
1843,965
616,961
706,954
1132,968
1165,960
1234,958
1700,964
480,965
1801,962
976,962
1070,962
1687,967
1978,961
74,963
1624,964
1732,968
1868,969
366,969
713,972
927,969
1162,971
1712,973
1031,967
1672,966
1912,963
1994,968
640,977
1478,967
1951,965
604,970
959,964
1199,973
580,979
625,976
1013,971
1056,966
1213,977
1675,973
1722,981
1849,972
1927,979
95,976
415,969
437,978
692,978
1583,970
1794,978
1907,985
1974,977
543,984
1091,976
491,983
1042,977
1228,977
983,987
1702,984
1824,981
659,981
757,981
933,980
1115,976
1259,964
2001,979
507,972
1023,980
1101,982
1904,978
55,981
391,982
1144,977
81,991
521,974
1686,982
1863,992
721,985
1011,989
1231,988
1673,984
1943,991
710,983
1179,974
598,991
930,989
941,991
965,986
619,993
1197,988
1979,991
1954,981
636,994
1888,988
372,997
1028,998
1120,987
1435,988
557,992
1166,1000
1774,995
1430,999
1846,995
2017,989
393,994
562,995
1815,998
1102,995
1254,991
1934,1004
1990,1000
443,998
951,992
1130,995
1190,997
1958,998
694,995
1209,1000
66,1001
935,999
1081,999
1143,991
400,1000
461,1001
912,995
1119,1001
1230,1005
1889,1004
467,987
636,1001
652,1000
1413,1003
1373,1002
1788,1000
1269,1005
667,1000
608,1006
516,1007
930,1012
1855,1005
403,1009
684,1007
1111,1008
2010,1014
2026,1009
1893,1012
746,1007
1183,1005
1879,1004
1967,1017
580,1009
1213,1017
1869,1017
965,1023
1039,1013
1144,1018
419,1010
441,1010
1849,1022
459,1016
486,1016
1995,1017
603,1017
910,1011
1156,1019
1913,1019
436,1023
945,1018
1836,1009
1857,1019
1884,1020
50,1010
1189,1040
1081,1017
1354,1022
1873,1027
731,1022
1169,1024
2025,1021
524,1022
144,1022
400,1022
1262,1017
578,1029
1952,1027
592,1028
423,1029
540,1033
1897,1028
410,1030
713,1027
1163,1034
1926,1033
119,1044
698,1031
1997,1028
939,1030
1227,1033
463,1036
585,1053
970,1043
721,1038
1940,1039
75,1023
1086,1032
1257,1036
714,1039
1901,1043
1986,1034
601,1034
688,1037
911,1030
1016,1039
1996,1053
418,1040
952,1042
1872,1046
488,1038
646,1039
1032,1039
1056,1040
1072,1042
1831,1033
1277,1040
472,1050
500,1051
1209,1040
2020,1038
399,1040
512,1036
749,1028
1248,1049
1099,1040
1164,1045
1033,1047
85,1054
542,1063
679,1047
1292,1048
429,1051
1962,1052
360,1052
452,1055
606,1047
1119,1048
1573,1042
985,1047
1045,1043
1945,1050
666,1053
1856,1047
723,1065
1155,1056
1230,1053
1291,1062
1837,1055
1142,1051
384,1054
1089,1068
1531,1051
375,1061
683,1059
1063,1056
479,1059
552,1057
756,1058
788,1046
813,1049
1024,1061
1930,1056
1794,1061
504,1070
974,1063
429,1063
610,1072
748,1063
988,1063
1071,1063
1820,1063
1917,1058
762,1053
1135,1063
1896,1064
2011,1063
412,1064
668,1064
1153,1077
1526,1059
1977,1066
392,1071
1166,1074
1176,1059
780,1071
1513,1072
1805,1068
495,1082
909,1065
1080,1071
368,1073
1845,1072
1988,1077
916,1077
1132,1071
817,1063
945,1060
1580,1063
1794,1070
1184,1082
2030,1072
213,1065
1536,1063
1879,1077
1960,1074
845,1067
998,1059
1554,1067
226,1085
935,1080
970,1076
1060,1074
1803,1080
1929,1074
1896,1085
446,1085
705,1077
770,1081
1141,1085
692,1068
1045,1077
825,1078
947,1080
1711,1083
1886,1077
881,1077
488,1094
1490,1082
357,1083
860,1074
1947,1081
1972,1083
412,1087
953,1087
741,1089
1746,1084
2007,1086
786,1091
810,1092
999,1080
1201,1092
1763,1087
1959,1091
418,1090
1727,1076
1916,1089
1938,1087
939,1090
1915,1080
347,1089
365,1092
1828,1091
1858,1095
2031,1089
711,1090
900,1093
1681,1087
1089,1092
677,1104
723,1100
168,1096
294,1096
396,1099
652,1093
1078,1092
916,1100
1545,1094
1859,1116
1915,1104
1930,1100
1981,1095
2016,1106
1712,1100
1886,1111
1902,1111
1075,1102
1612,1095
1725,1103
405,1117
1780,1101
730,1109
781,1105
947,1100
970,1094
1049,1103
1063,1098
1110,1116
1495,1102
1994,1104
386,1102
354,1126
1210,1112
1802,1100
650,1107
663,1105
849,1104
1616,1108
1953,1104
1968,1109
1982,1113
1522,1093
501,1110
877,1101
1931,1116
1088,1106
1546,1111
1092,1114
1758,1105
326,1115
1530,1116
482,1113
807,1106
809,1116
371,1139
792,1126
332,1134
428,1117
900,1118
935,1114
917,1118
1956,1117
699,1102
831,1116
849,1126
991,1110
974,1116
1075,1128
1759,1120
1830,1113
268,1112
453,1127
1726,1119
2021,1121
314,1124
1801,1119
655,1125
817,1122
1486,1122
1558,1126
1940,1132
1546,1122
922,1126
1084,1122
1813,1121
1997,1124
487,1131
494,1126
1785,1125
446,1120
1658,1121
292,1141
815,1132
1114,1139
209,1128
896,1135
968,1132
1005,1133
1979,1136
730,1138
1548,1132
1743,1126
1972,1130
302,1134
948,1124
1599,1136
1757,1137
1773,1134
382,1159
1092,1143
627,1128
1513,1128
760,1130
824,1135
851,1139
1050,1147
264,1135
645,1152
910,1140
1650,1143
805,1138
831,1141
874,1135
1042,1137
1542,1138
1572,1134
1987,1150
354,1149
503,1142
1585,1140
1733,1147
1958,1133
843,1142
933,1138
429,1155
494,1151
961,1144
442,1155
743,1145
788,1142
1241,1139
1463,1133
1769,1142
313,1149
468,1159
620,1148
1384,1153
1594,1146
1831,1145
520,1144
1027,1139
152,1150
190,1146
1065,1141
1210,1141
1824,1137
233,1156
541,1137
943,1158
1701,1144
1969,1146
219,1124
848,1152
1946,1149
726,1153
821,1149
981,1150
1525,1150
1786,1147
2015,1149
773,1153
804,1153
905,1152
1480,1149
1516,1144
1623,1152
509,1153
871,1152
926,1154
1488,1144
1752,1153
1820,1156
732,1169
195,1156
1573,1155
1961,1156
893,1157
1552,1157
1760,1157
755,1156
1999,1151
205,1141
1638,1164
1410,1164
1039,1167
1525,1165
1744,1162
827,1165
912,1162
779,1170
1002,1168
1225,1163
1704,1162
1945,1164
875,1173
962,1172
1029,1178
1030,1166
1207,1158
1590,1160
1655,1171
1798,1163
601,1157
791,1164
1507,1167
1782,1167
1841,1161
195,1167
562,1166
1491,1167
110,1166
157,1167
857,1162
1188,1169
838,1165
952,1167
2000,1169
759,1176
1543,1170
1571,1173
1602,1169
590,1159
1409,1179
980,1171
1024,1187
1815,1171
1970,1166
2014,1178
481,1170
555,1176
616,1172
1722,1177
1800,1175
608,1180
1448,1166
1478,1173
1773,1179
2029,1188
808,1177
1751,1182
191,1177
791,1183
1794,1181
906,1177
919,1175
1007,1181
1465,1170
477,1187
855,1175
1560,1185
1975,1199
211,1176
577,1168
828,1181
1589,1185
519,1184
639,1199
2001,1181
245,1184
1480,1186
557,1185
1014,1191
1506,1186
178,1178
757,1188
816,1194
845,1211
537,1188
1375,1192
1544,1200
2002,1201
231,1179
1440,1184
1524,1184
1835,1188
496,1193
949,1199
1760,1189
595,1191
982,1201
1737,1194
1794,1199
619,1193
631,1190
867,1194
899,1188
1460,1198
1812,1191
1843,1196
1413,1199
1426,1190
1728,1193
231,1199
215,1198
858,1193
1619,1187
607,1205
818,1204
931,1192
1631,1194
1665,1193
780,1195
1581,1203
563,1210
158,1197
1753,1202
584,1201
650,1219
791,1209
1629,1207
1944,1213
224,1211
1735,1207
881,1197
900,1205
967,1201
1767,1203
202,1201
1470,1206
1647,1197
1923,1197
1513,1207
1567,1213
1621,1216
1670,1210
862,1209
1904,1203
619,1212
595,1220
198,1215
273,1214
1839,1206
458,1223
766,1216
1686,1215
906,1214
1759,1227
1862,1207
1460,1215
435,1221
1007,1208
1556,1226
183,1221
1661,1221
247,1222
543,1218
1439,1212
1501,1224
1536,1221
1788,1221
1888,1215
1916,1219
554,1219
807,1222
866,1231
894,1224
953,1226
175,1227
395,1216
1408,1219
1846,1230
155,1228
1930,1222
747,1204
1746,1224
1521,1223
615,1225
779,1215
927,1225
1009,1227
1951,1227
747,1228
796,1236
985,1224
1826,1232
533,1227
630,1229
1644,1233
181,1244
279,1227
521,1254
1867,1232
1910,1233
950,1236
1225,1227
1718,1230
1812,1219
1880,1230
504,1237
1436,1233
289,1238
545,1236
611,1240
1516,1238
1588,1217
1622,1232
1654,1242
904,1240
1735,1237
562,1244
992,1238
1938,1241
1906,1249
206,1237
266,1244
590,1245
774,1234
1596,1236
1875,1243
665,1236
1546,1241
1892,1247
197,1244
1681,1240
847,1243
918,1239
1840,1248
1865,1246
940,1250
1795,1241
1558,1255
882,1242
1004,1248
782,1245
1532,1253
1672,1255
1809,1251
163,1255
892,1249
222,1259
604,1253
917,1261
1768,1248
193,1253
281,1252
1406,1255
1824,1251
1873,1255
211,1280
476,1247
1753,1255
1937,1255
808,1247
859,1261
947,1264
1723,1253
1784,1261
1855,1257
268,1258
847,1258
1816,1255
302,1248
1007,1276
1801,1263
351,1251
1641,1256
1698,1256
641,1254
818,1262
1526,1267
1901,1267
1408,1265
1556,1266
1729,1259
1578,1268
285,1273
834,1254
1453,1274
1662,1269
1928,1261
365,1248
1434,1272
894,1264
625,1265
1641,1267
1862,1258
702,1258
781,1268
1602,1275
1712,1263
190,1274
320,1259
665,1261
670,1270
503,1274
880,1271
1678,1272
239,1271
1744,1269
1819,1276
254,1269
1292,1274
1563,1276
1786,1276
1874,1272
1919,1275
1829,1268
513,1275
706,1274
715,1276
1060,1273
1532,1279
1634,1284
1756,1277
172,1281
435,1268
570,1288
684,1272
1591,1276
554,1268
995,1279
349,1264
721,1267
1422,1285
1497,1283
53,1281
1659,1281
829,1277
1647,1281
891,1286
1566,1284
1616,1284
603,1286
801,1281
244,1283
558,1292
299,1290
322,1284
739,1283
1045,1272
1499,1298
1793,1294
1860,1279
354,1284
1760,1289
1777,1289
284,1290
909,1282
1845,1284
159,1290
263,1294
457,1270
1883,1288
345,1304
638,1282
1524,1290
1653,1292
712,1297
875,1290
1212,1291
1625,1289
1669,1292
334,1299
521,1286
934,1290
1018,1290
1258,1294
1605,1291
1917,1295
744,1295
835,1294
1028,1291
1906,1306
1553,1301
422,1283
652,1297
1610,1298
730,1298
899,1307
1584,1295
1729,1303
624,1298
757,1296
1269,1292
1752,1299
236,1299
527,1302
1886,1307
590,1297
1052,1302
1219,1303
539,1288
665,1309
779,1297
885,1319
1256,1305
613,1301
823,1300
1026,1306
1872,1309
936,1319
967,1294
1520,1302
1688,1306
1856,1333
1234,1308
720,1324
736,1307
1668,1305
1768,1305
439,1300
465,1309
802,1307
1713,1308
313,1312
418,1304
829,1312
988,1315
1089,1298
253,1313
764,1313
928,1313
1030,1316
1277,1296
1390,1308
237,1316
1007,1304
1657,1323
1066,1287
1648,1317
1791,1320
293,1325
1107,1311
1569,1315
1589,1315
632,1312
521,1319
1067,1316
547,1320
731,1319
950,1322
873,1324
1081,1321
1250,1321
1511,1314
1741,1316
1766,1320
740,1327
916,1322
965,1320
1213,1312
1019,1323
1199,1314
1698,1321
612,1340
674,1324
1389,1327
575,1320
1013,1331
1038,1325
1377,1317
1644,1340
630,1324
667,1337
756,1330
817,1326
1717,1325
501,1323
614,1327
790,1324
1370,1332
520,1336
1098,1334
1580,1332
1505,1330
833,1330
850,1332
1118,1322
1234,1338
1535,1325
562,1338
1761,1332
143,1331
975,1331
1038,1333
419,1324
1272,1340
1551,1337
1681,1326
1735,1334
764,1337
951,1338
1596,1339
872,1340
1211,1340
1519,1337
646,1345
1178,1333
1561,1332
1674,1350
454,1333
795,1341
1697,1341
481,1341
1773,1344
976,1344
1306,1332
861,1344
1256,1341
1336,1336
494,1346
778,1341
845,1343
1008,1342
1599,1353
424,1350
1311,1350
136,1342
601,1348
1035,1345
1164,1337
1541,1343
576,1345
916,1340
936,1352
1064,1354
1559,1356
549,1353
1356,1349
515,1349
1043,1349
1290,1355
1385,1359
1252,1354
576,1354
850,1355
886,1348
1590,1361
456,1356
531,1350
1728,1348
503,1356
1695,1364
239,1350
441,1361
1184,1352
1517,1357
1756,1359
1135,1364
1551,1365
860,1361
783,1357
1018,1359
1342,1365
515,1362
1118,1364
1174,1362
1521,1355
592,1371
642,1371
945,1360
1281,1367
255,1365
611,1369
956,1365
1382,1371
533,1365
549,1366
114,1362
240,1365
469,1367
569,1372
1857,1368
883,1363
1494,1363
440,1372
529,1372
995,1366
1079,1371
1098,1371
509,1374
1036,1373
1263,1365
1314,1371
1160,1367
1180,1378
1770,1373
953,1380
1062,1374
1135,1375
125,1395
869,1394
982,1368
463,1377
1283,1376
1297,1377
763,1363
1219,1380
1351,1393
79,1372
753,1376
246,1382
391,1379
430,1381
915,1369
556,1386
938,1380
994,1386
1263,1383
788,1384
1236,1370
1545,1388
1044,1388
1234,1393
763,1393
1095,1389
493,1385
1576,1386
1733,1384
23,1378
423,1385
1053,1397
1118,1387
1281,1388
264,1387
889,1383
907,1391
974,1381
1370,1384
479,1392
801,1384
1068,1389
239,1396
846,1386
1194,1379
1214,1391
1755,1393
517,1392
542,1391
1488,1389
1537,1396
1769,1390
33,1391
920,1391
1267,1398
267,1399
940,1397
1331,1397
100,1383
213,1398
883,1395
1025,1396
1292,1393
1315,1392
1782,1389
814,1380
1127,1398
1696,1386
59,1372
71,1404
257,1396
1013,1406
1180,1399
1246,1388
296,1384
1153,1395
894,1403
1572,1399
422,1402
639,1389
978,1402
1736,1402
379,1395
508,1426
1064,1412
1219,1400
1716,1404
565,1404
799,1408
1092,1409
1167,1414
290,1408
311,1407
1756,1408
98,1407
228,1417
216,1406
310,1395
831,1416
326,1397
1235,1414
270,1409
538,1408
1166,1404
1693,1409
252,1411
814,1412
1000,1423
1334,1416
1524,1411
1544,1407
1782,1405
584,1403
611,1404
1289,1409
1308,1408
430,1417
930,1410
1762,1417
349,1410
1589,1409
13,1416
79,1417
840,1406
294,1416
320,1415
423,1414
950,1431
1308,1420
1189,1412
1570,1414
1710,1416
106,1420
261,1420
338,1403
490,1440
1126,1414
1792,1417
1818,1411
35,1420
307,1420
362,1406
525,1433
714,1412
480,1410
912,1420
1260,1416
269,1424
329,1422
885,1417
1084,1432
66,1425
1546,1426
1683,1422
978,1428
1200,1432
1795,1432
603,1426
669,1421
868,1429
1515,1422
1533,1425
735,1412
1122,1433
1366,1435
292,1426
333,1441
373,1434
450,1422
772,1417
1280,1439
1380,1421
1681,1428
1754,1425
34,1441
854,1429
1511,1438
1838,1426
1921,1421
253,1428
726,1439
751,1426
772,1439
917,1428
1715,1431
482,1435
803,1433
1488,1423
20,1436
716,1431
822,1433
1109,1440
1214,1419
1806,1411
436,1432
932,1433
1182,1430
1755,1440
892,1433
964,1440
1296,1440
1685,1438
1730,1461
674,1438
704,1425
1461,1432
1918,1442
417,1446
688,1431
1314,1441
1497,1440
924,1443
754,1440
1182,1442
1590,1432
1702,1440
54,1446
844,1436
1159,1442
1487,1445
1846,1449
242,1440
465,1442
610,1438
855,1443
1240,1443
1615,1442
1644,1442
285,1438
353,1438
1744,1446
82,1438
1128,1438
1331,1438
583,1449
1698,1450
836,1450
110,1441
237,1452
589,1442
894,1448
911,1441
1187,1458
1657,1454
211,1444
362,1452
1232,1456
1296,1457
1674,1445
1770,1455
1779,1445
648,1446
751,1453
455,1457
713,1457
1785,1459
611,1450
871,1454
1723,1454
569,1438
42,1456
689,1467
80,1461
648,1460
851,1462
812,1459
925,1456
266,1460
623,1462
422,1456
1750,1465
1344,1462
1565,1464
782,1455
898,1470
1316,1466
397,1471
566,1467
599,1465
763,1469
889,1464
1225,1470
1548,1480
202,1457
738,1460
1353,1449
1818,1459
1864,1458
117,1460
365,1469
383,1458
662,1464
817,1465
949,1464
1536,1468
33,1472
76,1472
356,1469
749,1470
1601,1474
1790,1471
241,1475
709,1473
1676,1470
840,1471
1174,1472
1720,1473
1761,1479
1789,1486
311,1471
1204,1473
1832,1476
826,1472
873,1472
896,1490
923,1465
1694,1487
1802,1478
788,1486
93,1471
200,1472
222,1468
285,1464
603,1479
723,1488
820,1483
976,1487
1536,1481
1742,1482
57,1471
323,1459
642,1478
699,1482
740,1492
1190,1479
1372,1474
1657,1482
300,1482
582,1474
629,1488
365,1483
373,1489
686,1482
878,1487
133,1484
1813,1491
267,1483
389,1487
777,1485
930,1485
1592,1484
1645,1486
842,1488
1710,1481
753,1487
42,1491
673,1485
19,1493
85,1497
317,1490
581,1489
1520,1500
1682,1495
67,1497
413,1484
767,1486
805,1489
833,1490
1768,1492
55,1496
1670,1494
604,1496
619,1493
1205,1497
1592,1498
1648,1495
418,1496
860,1488
188,1493
923,1487
1225,1498
142,1496
400,1506
668,1498
818,1500
902,1498
228,1505
807,1502
893,1502
206,1496
369,1509
847,1507
379,1504
657,1501
342,1493
415,1504
785,1505
830,1504
1747,1504
260,1500
647,1503
874,1502
351,1508
683,1503
1440,1499
120,1508
648,1511
777,1505
1346,1513
1641,1508
1851,1514
128,1514
331,1510
767,1503
959,1502
1401,1507
1504,1508
390,1518
548,1513
1193,1506
914,1511
1203,1520
1331,1515
65,1513
148,1510
183,1511
669,1513
77,1515
632,1516
890,1513
735,1519
1176,1519
34,1513
812,1518
960,1517
1229,1525
160,1518
149,1519
195,1526
1455,1522
325,1530
244,1521
262,1526
770,1520
864,1520
926,1515
1414,1515
1430,1523
592,1515
953,1493
1172,1535
579,1511
1856,1530
277,1529
444,1531
608,1519
685,1518
46,1523
592,1530
657,1525
789,1523
572,1534
752,1522
212,1530
345,1525
673,1529
1686,1531
1714,1534
129,1530
366,1528
632,1530
1452,1531
19,1527
400,1532
760,1532
844,1535
696,1527
714,1534
910,1532
2005,1532
735,1536
1162,1538
1662,1534
1845,1545
761,1538
883,1533
946,1541
200,1548
259,1540
276,1532
869,1553
356,1539
1473,1537
1700,1523
56,1537
563,1545
176,1532
422,1541
853,1545
1100,1540
155,1537
1617,1543
433,1537
611,1544
1091,1543
1440,1551
35,1538
123,1546
219,1542
371,1545
522,1535
1249,1542
1983,1538
663,1540
744,1543
1264,1559
639,1548
892,1547
1742,1551
145,1540
545,1534
785,1539
863,1546
336,1546
13,1551
83,1541
166,1550
765,1550
1077,1545
1652,1550
1685,1550
237,1541
487,1540
506,1539
580,1555
514,1554
593,1546
630,1547
697,1554
843,1545
1725,1568
83,1573
107,1553
273,1554
678,1551
685,1556
405,1550
461,1537
656,1552
459,1556
857,1554
556,1561
649,1572
181,1551
249,1559
795,1561
28,1559
361,1563
588,1556
210,1563
382,1559
1634,1559
95,1555
1065,1555
114,1558
236,1564
670,1561
910,1557
958,1557
283,1562
453,1570
1280,1543
260,1561
720,1555
133,1562
483,1563
536,1557
1652,1562
1693,1571
60,1558
190,1563
609,1568
659,1566
741,1562
816,1568
842,1563
399,1575
643,1571
107,1568
144,1568
153,1564
588,1571
323,1563
377,1565
768,1569
1622,1561
466,1564
271,1570
37,1573
50,1574
184,1572
405,1571
425,1568
687,1572
882,1570
1670,1569
225,1571
488,1575
127,1583
339,1561
865,1577
1700,1574
625,1566
1456,1574
1829,1567
552,1577
841,1579
1652,1577
1686,1571
760,1587
1496,1572
16,1578
924,1589
208,1583
497,1592
521,1571
774,1578
29,1579
672,1580
801,1577
64,1586
776,1575
1467,1577
514,1591
319,1616
889,1580
330,1580
467,1581
831,1581
49,1586
104,1580
182,1584
439,1583
612,1586
697,1591
981,1584
1640,1578
234,1580
482,1589
424,1589
735,1582
1479,1579
917,1588
969,1593
360,1590
393,1592
860,1592
1811,1584
1673,1585
1702,1591
401,1598
577,1585
663,1591
824,1592
1788,1597
302,1595
774,1599
896,1594
953,1595
436,1602
637,1587
983,1599
1460,1590
1647,1605
1683,1596
1722,1593
240,1599
344,1592
480,1598
72,1597
457,1592
797,1597
845,1616
417,1601
714,1588
812,1597
216,1599
288,1604
920,1598
1294,1604
121,1600
592,1603
1743,1595
882,1603
1693,1601
1756,1608
1778,1601
88,1609
304,1606
1806,1603
907,1600
1164,1600
1739,1608
332,1605
464,1602
481,1605
633,1611
446,1605
745,1603
261,1619
356,1616
558,1609
720,1618
1715,1612
137,1603
470,1608
375,1618
757,1605
1774,1611
614,1602
651,1607
829,1611
1007,1623
1502,1599
1796,1617
680,1602
1700,1619
168,1614
411,1619
424,1613
425,1635
817,1620
1396,1628
479,1617
573,1618
663,1625
858,1628
896,1615
33,1616
995,1619
211,1626
310,1618
158,1603
499,1626
1020,1619
185,1624
699,1623
455,1615
1299,1627
387,1633
715,1625
1735,1625
461,1632
629,1626
867,1637
336,1627
527,1624
755,1623
803,1636
1758,1628
108,1609
446,1632
514,1636
536,1640
752,1635
913,1621
1720,1627
22,1630
79,1620
609,1626
1033,1634
240,1623
397,1638
478,1638
51,1618
565,1641
882,1634
955,1633
137,1630
172,1632
444,1649
553,1639
31,1641
160,1627
417,1634
897,1634
290,1629
1148,1631
1817,1628
74,1635
281,1641
585,1631
711,1639
192,1640
890,1640
591,1649
1028,1653
1756,1642
175,1641
425,1657
691,1636
1010,1645
646,1642
926,1657
118,1643
303,1639
242,1647
777,1651
910,1662
1301,1642
269,1643
311,1659
1954,1644
1497,1644
946,1647
1808,1644
1835,1648
2010,1643
197,1649
715,1655
633,1658
755,1655
1704,1657
45,1654
892,1662
234,1656
736,1641
103,1655
685,1660
1478,1658
1818,1659
1944,1653
278,1669
293,1659
695,1668
171,1655
647,1676
196,1658
1777,1661
18,1663
75,1661
1714,1670
1493,1663
1977,1675
222,1658
740,1657
648,1664
58,1668
1829,1667
706,1679
991,1669
1897,1666
1476,1676
1809,1666
1850,1662
255,1668
771,1677
950,1672
1973,1680
186,1680
201,1674
41,1672
82,1671
1948,1681
170,1677
229,1670
158,1677
273,1688
996,1688
1247,1663
1742,1684
127,1677
1499,1672
1797,1681
1852,1678
1898,1677
944,1679
1503,1689
1822,1688
1867,1677
108,1671
748,1678
177,1683
100,1688
120,1687
221,1681
259,1695
243,1687
963,1690
1514,1710
942,1696
1260,1688
753,1693
197,1693
1227,1697
35,1687
48,1704
976,1683
1288,1691
1272,1708
57,1707
203,1710
233,1715
1245,1702
975,1711
168,1704
988,1706
1258,1706
1226,1712
1296,1716
29,1709
836,1712
947,1713
17,1703
126,1711
179,1720
810,1716
101,1717
1264,1718
115,1721
137,1724
985,1727
20,1735
81,1726
591,1736
32,1727
966,1733
45,1741
955,1733
89,1735
107,1749
986,1738
64,1733
1462,1741
128,1743
752,1744
1214,1745
86,1757
790,1751
70,1752
985,1761
1273,1767
1203,1754
129,1754
1711,1757
1185,1748
116,1759
947,1747
865,1755
20,1765
1203,1772
971,1776
1184,1769
340,1776
936,1773
1156,1774
966,1790
1181,1786
1851,1779
1391,1788
1609,1783
1411,1789
134,1788
1199,1794
43,1794
290,1786
1152,1808
248,1794
267,1786
37,1808
830,1805
886,1812
29,1818
262,1814
932,1810
247,1814
237,1812
624,1811
181,1806
219,1813
642,1820
278,1823
168,1822
307,1826
1196,1814
1340,1817
203,1820
177,1828
949,1825
548,1829
155,1825
253,1830
136,1833
496,1836
1378,1844
173,1838
223,1848
286,1839
1412,1834
195,1840
304,1841
682,1841
159,1842
1714,1831
526,1830
938,1841
257,1845
1204,1842
955,1841
37,1834
146,1870
500,1846
1401,1846
242,1844
692,1840
1214,1837
1388,1851
379,1846
53,1846
159,1853
281,1855
683,1859
125,1846
1181,1860
1227,1847
177,1859
971,1856
1408,1858
1718,1858
71,1860
247,1862
516,1860
714,1866
1705,1871
209,1868
1208,1870
952,1867
226,1878
967,1868
696,1883
105,1874
1729,1881
198,1867
179,1884
1712,1880
951,1884
1521,1882
203,1904
238,1888
1507,1879
1743,1881
907,1874
1750,1877
978,1868
32,1887
548,1896
68,1888
494,1879
11,1890
1566,1883
100,1887
1751,1897
50,1890
1488,1892
1585,1898
1040,1894
158,1892
111,1899
508,1890
123,1901
474,1893
952,1896
26,1900
1048,1907
1695,1898
189,1899
163,1901
249,1911
225,1900
1228,1908
59,1907
537,1910
49,1904
968,1905
951,1913
1395,1904
1498,1915
148,1911
174,1910
1514,1914
160,1914
524,1915
135,1911
54,1923
1003,1915
1690,1910
1714,1919
972,1919
1456,1914
1733,1912
125,1923
1217,1919
1571,1916
70,1916
143,1923
987,1915
1061,1922
1590,1920
96,1925
177,1928
1777,1939
1758,1934
499,1932
159,1924
1237,1924
1662,1926
543,1932
331,1927
515,1935
1013,1917
236,1924
1798,1922
556,1920
1461,1935
1568,1934
1260,1935
1097,1939
1840,1926
158,1933
233,1941
581,1928
965,1938
1604,1939
935,1925
1212,1934
54,1935
97,1938
32,1927
1247,1939
1484,1941
1806,1945
75,1944
220,1955
975,1942
1002,1939
84,1945
1231,1941
49,1943
956,1937
1840,1945
1269,1937
1331,1935
516,1948
1061,1941
540,1950
575,1950
1795,1949
1463,1953
1584,1949
141,1951
201,1946
63,1947
1041,1951
903,1952
46,1953
961,1953
1020,1951
1257,1955
164,1947
515,1972
557,1959
1213,1951
1335,1958
1855,1954
1242,1960
989,1951
1066,1958
131,1971
1826,1957
570,1974
1539,1963
1593,1961
1837,1970
1098,1965
1179,1965
158,1971
969,1963
84,1962
538,1967
32,1959
1215,1973
1861,1964
16,1971
895,1967
925,1981
1413,1965
1477,1967
915,1963
1810,1981
1083,1983
1237,1974
1269,1972
550,1972
587,1975
1825,1979
1855,1977
95,1982
1301,1981
44,1975
1033,1973
1328,1975
1059,1975
1560,1976
900,1984
1536,1986
531,1983
944,1985
1289,1981
1326,1987
1661,1982
913,1988
1314,1988
1837,1988
1848,1989
1247,1990
1039,1990
1203,1985
979,1994
1003,1978
1054,1988
1226,1995
1239,1997
1874,1984
1266,1994
1790,1990
542,1990
1061,1996
1312,1998
1348,1994
943,1994
1024,1990
1335,2000
949,2003
1297,2005
1611,1990
1109,1993
1374,2000
1197,1996
1666,2001
556,2000
1255,1993
1838,2004
885,1999
926,2004
980,2006
16,2007
1349,2004
1331,2011
1438,2004
1043,2010
1227,2008
1275,2000
1318,2024
1927,2012
709,1996
903,2009
1013,2007
31,2007
1479,2014
859,2022
1080,2005
1240,2013
956,2010
1805,2007
592,2015
966,2018
1456,2025
59,2018
892,2014
1583,2007
843,2018
19,2021
981,2022
876,2018
1108,2011
1265,2021
1561,2010
883,2016
938,2021
311,2026
991,2027
1069,2021
1835,2021
1862,2021
417,2029
956,2022
1890,2030
1832,2029
552,2025
1016,2030
1546,2022
1298,2026
1773,2025
1818,2031
849,2032
952,2033
1172,2017
560,2032
1278,2030
1259,2028
1288,2034
428,2035
570,2034
980,2036
835,2030
936,2034
1843,2041
